consumer_id,service_type,region,renewal_price,peer_median_price,overpayment_amount,overpayment_pct,alert_text
CONS_03841,mobile,London,21.14,23.06,0.0,0.0,Alert: Your mobile renewal price of £21.14 appears to be £0.00 (0%) above the median price paid by comparable customers in London. You may be paying a loyalty penalty. Consider reviewing your contract.
CONS_00430,subscription,Wales,8.15,12.95,0.0,0.0,Alert: Your subscription renewal price of £8.15 appears to be £0.00 (0%) above the median price paid by comparable customers in Wales. You may be paying a loyalty penalty. Consider reviewing your contract.
CONS_01686,broadband,South West,33.36,31.24,2.12,6.8,Alert: Your broadband renewal price of £33.36 appears to be £2.12 (7%) above the median price paid by comparable customers in South West. You may be paying a loyalty penalty. Consider reviewing your contract.
CONS_04639,broadband,South East,44.05,30.009999999999998,14.04,46.8,Alert: Your broadband renewal price of £44.05 appears to be £14.04 (47%) above the median price paid by comparable customers in South East. You may be paying a loyalty penalty. Consider reviewing your contract.
CONS_08764,mobile,South East,13.77,23.5,0.0,0.0,Alert: Your mobile renewal price of £13.77 appears to be £0.00 (0%) above the median price paid by comparable customers in South East. You may be paying a loyalty penalty. Consider reviewing your contract.
CONS_05307,subscription,North West,14.68,13.07,1.61,12.3,Alert: Your subscription renewal price of £14.68 appears to be £1.61 (12%) above the median price paid by comparable customers in North West. You may be paying a loyalty penalty. Consider reviewing your contract.
CONS_09701,broadband,London,26.01,29.745,0.0,0.0,Alert: Your broadband renewal price of £26.01 appears to be £0.00 (0%) above the median price paid by comparable customers in London. You may be paying a loyalty penalty. Consider reviewing your contract.
CONS_04573,broadband,South East,24.89,30.009999999999998,0.0,0.0,Alert: Your broadband renewal price of £24.89 appears to be £0.00 (0%) above the median price paid by comparable customers in South East. You may be paying a loyalty penalty. Consider reviewing your contract.
CONS_04457,broadband,South East,46.77,30.009999999999998,16.76,55.8,Alert: Your broadband renewal price of £46.77 appears to be £16.76 (56%) above the median price paid by comparable customers in South East. You may be paying a loyalty penalty. Consider reviewing your contract.
CONS_04371,broadband,Wales,60.78,30.48,30.3,99.4,Alert: Your broadband renewal price of £60.78 appears to be £30.30 (99%) above the median price paid by comparable customers in Wales. You may be paying a loyalty penalty. Consider reviewing your contract.
CONS_04851,broadband,Scotland,51.59,30.33,21.26,70.1,Alert: Your broadband renewal price of £51.59 appears to be £21.26 (70%) above the median price paid by comparable customers in Scotland. You may be paying a loyalty penalty. Consider reviewing your contract.
CONS_03889,subscription,Midlands,14.34,13.11,1.23,9.4,Alert: Your subscription renewal price of £14.34 appears to be £1.23 (9%) above the median price paid by comparable customers in Midlands. You may be paying a loyalty penalty. Consider reviewing your contract.
CONS_01781,broadband,London,20.3,29.745,0.0,0.0,Alert: Your broadband renewal price of £20.30 appears to be £0.00 (0%) above the median price paid by comparable customers in London. You may be paying a loyalty penalty. Consider reviewing your contract.
CONS_05683,broadband,London,29.03,29.745,0.0,0.0,Alert: Your broadband renewal price of £29.03 appears to be £0.00 (0%) above the median price paid by comparable customers in London. You may be paying a loyalty penalty. Consider reviewing your contract.
CONS_00304,mobile,Scotland,27.01,23.99,3.02,12.6,Alert: Your mobile renewal price of £27.01 appears to be £3.02 (13%) above the median price paid by comparable customers in Scotland. You may be paying a loyalty penalty. Consider reviewing your contract.
CONS_08576,mobile,North West,33.48,24.064999999999998,9.41,39.1,Alert: Your mobile renewal price of £33.48 appears to be £9.41 (39%) above the median price paid by comparable customers in North West. You may be paying a loyalty penalty. Consider reviewing your contract.
CONS_03565,subscription,Wales,12.68,12.95,0.0,0.0,Alert: Your subscription renewal price of £12.68 appears to be £0.00 (0%) above the median price paid by comparable customers in Wales. You may be paying a loyalty penalty. Consider reviewing your contract.
CONS_06495,subscription,London,15.8,13.1,2.7,20.6,Alert: Your subscription renewal price of £15.80 appears to be £2.70 (21%) above the median price paid by comparable customers in London. You may be paying a loyalty penalty. Consider reviewing your contract.
CONS_09158,broadband,Midlands,46.29,29.88,16.41,54.9,Alert: Your broadband renewal price of £46.29 appears to be £16.41 (55%) above the median price paid by comparable customers in Midlands. You may be paying a loyalty penalty. Consider reviewing your contract.
CONS_03931,mobile,South West,18.74,23.81,0.0,0.0,Alert: Your mobile renewal price of £18.74 appears to be £0.00 (0%) above the median price paid by comparable customers in South West. You may be paying a loyalty penalty. Consider reviewing your contract.
CONS_03719,subscription,Wales,7.65,12.95,0.0,0.0,Alert: Your subscription renewal price of £7.65 appears to be £0.00 (0%) above the median price paid by comparable customers in Wales. You may be paying a loyalty penalty. Consider reviewing your contract.
CONS_03916,broadband,Wales,47.65,30.48,17.17,56.3,Alert: Your broadband renewal price of £47.65 appears to be £17.17 (56%) above the median price paid by comparable customers in Wales. You may be paying a loyalty penalty. Consider reviewing your contract.
CONS_00965,subscription,Scotland,14.96,13.815000000000001,1.14,8.3,Alert: Your subscription renewal price of £14.96 appears to be £1.14 (8%) above the median price paid by comparable customers in Scotland. You may be paying a loyalty penalty. Consider reviewing your contract.
CONS_04238,subscription,Scotland,15.38,13.815000000000001,1.56,11.3,Alert: Your subscription renewal price of £15.38 appears to be £1.56 (11%) above the median price paid by comparable customers in Scotland. You may be paying a loyalty penalty. Consider reviewing your contract.
CONS_01500,mobile,North West,19.56,24.064999999999998,0.0,0.0,Alert: Your mobile renewal price of £19.56 appears to be £0.00 (0%) above the median price paid by comparable customers in North West. You may be paying a loyalty penalty. Consider reviewing your contract.
CONS_01174,subscription,North East,16.62,12.8,3.82,29.8,Alert: Your subscription renewal price of £16.62 appears to be £3.82 (30%) above the median price paid by comparable customers in North East. You may be paying a loyalty penalty. Consider reviewing your contract.
CONS_00201,subscription,Wales,7.6,12.95,0.0,0.0,Alert: Your subscription renewal price of £7.60 appears to be £0.00 (0%) above the median price paid by comparable customers in Wales. You may be paying a loyalty penalty. Consider reviewing your contract.
CONS_07699,broadband,Midlands,43.3,29.88,13.42,44.9,Alert: Your broadband renewal price of £43.30 appears to be £13.42 (45%) above the median price paid by comparable customers in Midlands. You may be paying a loyalty penalty. Consider reviewing your contract.
CONS_09563,broadband,London,26.81,29.745,0.0,0.0,Alert: Your broadband renewal price of £26.81 appears to be £0.00 (0%) above the median price paid by comparable customers in London. You may be paying a loyalty penalty. Consider reviewing your contract.
CONS_09679,mobile,Wales,22.74,22.55,0.19,0.8,Alert: Your mobile renewal price of £22.74 appears to be £0.19 (1%) above the median price paid by comparable customers in Wales. You may be paying a loyalty penalty. Consider reviewing your contract.
CONS_07644,mobile,South West,28.45,23.81,4.64,19.5,Alert: Your mobile renewal price of £28.45 appears to be £4.64 (20%) above the median price paid by comparable customers in South West. You may be paying a loyalty penalty. Consider reviewing your contract.
CONS_04069,subscription,Wales,8.78,12.95,0.0,0.0,Alert: Your subscription renewal price of £8.78 appears to be £0.00 (0%) above the median price paid by comparable customers in Wales. You may be paying a loyalty penalty. Consider reviewing your contract.
CONS_01787,broadband,Wales,42.21,30.48,11.73,38.5,Alert: Your broadband renewal price of £42.21 appears to be £11.73 (38%) above the median price paid by comparable customers in Wales. You may be paying a loyalty penalty. Consider reviewing your contract.
CONS_08207,broadband,South West,34.82,31.24,3.58,11.5,Alert: Your broadband renewal price of £34.82 appears to be £3.58 (12%) above the median price paid by comparable customers in South West. You may be paying a loyalty penalty. Consider reviewing your contract.
CONS_08077,broadband,North West,31.54,30.310000000000002,1.23,4.1,Alert: Your broadband renewal price of £31.54 appears to be £1.23 (4%) above the median price paid by comparable customers in North West. You may be paying a loyalty penalty. Consider reviewing your contract.
CONS_08932,broadband,Scotland,41.05,30.33,10.72,35.3,Alert: Your broadband renewal price of £41.05 appears to be £10.72 (35%) above the median price paid by comparable customers in Scotland. You may be paying a loyalty penalty. Consider reviewing your contract.
CONS_06375,broadband,Wales,15.9,30.48,0.0,0.0,Alert: Your broadband renewal price of £15.90 appears to be £0.00 (0%) above the median price paid by comparable customers in Wales. You may be paying a loyalty penalty. Consider reviewing your contract.
CONS_07093,subscription,Midlands,17.21,13.11,4.1,31.3,Alert: Your subscription renewal price of £17.21 appears to be £4.10 (31%) above the median price paid by comparable customers in Midlands. You may be paying a loyalty penalty. Consider reviewing your contract.
CONS_01087,subscription,Midlands,21.54,13.11,8.43,64.3,Alert: Your subscription renewal price of £21.54 appears to be £8.43 (64%) above the median price paid by comparable customers in Midlands. You may be paying a loyalty penalty. Consider reviewing your contract.
CONS_07060,mobile,North West,18.6,24.064999999999998,0.0,0.0,Alert: Your mobile renewal price of £18.60 appears to be £0.00 (0%) above the median price paid by comparable customers in North West. You may be paying a loyalty penalty. Consider reviewing your contract.
CONS_07648,broadband,South East,48.19,30.009999999999998,18.18,60.6,Alert: Your broadband renewal price of £48.19 appears to be £18.18 (61%) above the median price paid by comparable customers in South East. You may be paying a loyalty penalty. Consider reviewing your contract.
CONS_03081,broadband,North West,50.57,30.310000000000002,20.26,66.8,Alert: Your broadband renewal price of £50.57 appears to be £20.26 (67%) above the median price paid by comparable customers in North West. You may be paying a loyalty penalty. Consider reviewing your contract.
CONS_06388,broadband,South East,32.79,30.009999999999998,2.78,9.3,Alert: Your broadband renewal price of £32.79 appears to be £2.78 (9%) above the median price paid by comparable customers in South East. You may be paying a loyalty penalty. Consider reviewing your contract.
CONS_04256,broadband,North East,51.81,30.58,21.23,69.4,Alert: Your broadband renewal price of £51.81 appears to be £21.23 (69%) above the median price paid by comparable customers in North East. You may be paying a loyalty penalty. Consider reviewing your contract.
CONS_09675,mobile,Midlands,37.96,23.375,14.58,62.4,Alert: Your mobile renewal price of £37.96 appears to be £14.58 (62%) above the median price paid by comparable customers in Midlands. You may be paying a loyalty penalty. Consider reviewing your contract.
CONS_06215,broadband,Midlands,31.74,29.88,1.86,6.2,Alert: Your broadband renewal price of £31.74 appears to be £1.86 (6%) above the median price paid by comparable customers in Midlands. You may be paying a loyalty penalty. Consider reviewing your contract.
CONS_00896,subscription,North East,20.69,12.8,7.89,61.6,Alert: Your subscription renewal price of £20.69 appears to be £7.89 (62%) above the median price paid by comparable customers in North East. You may be paying a loyalty penalty. Consider reviewing your contract.
CONS_00773,mobile,North West,24.32,24.064999999999998,0.26,1.1,Alert: Your mobile renewal price of £24.32 appears to be £0.26 (1%) above the median price paid by comparable customers in North West. You may be paying a loyalty penalty. Consider reviewing your contract.
CONS_03698,broadband,South East,48.38,30.009999999999998,18.37,61.2,Alert: Your broadband renewal price of £48.38 appears to be £18.37 (61%) above the median price paid by comparable customers in South East. You may be paying a loyalty penalty. Consider reviewing your contract.
CONS_06335,mobile,Midlands,22.02,23.375,0.0,0.0,Alert: Your mobile renewal price of £22.02 appears to be £0.00 (0%) above the median price paid by comparable customers in Midlands. You may be paying a loyalty penalty. Consider reviewing your contract.
CONS_03038,broadband,Wales,31.03,30.48,0.55,1.8,Alert: Your broadband renewal price of £31.03 appears to be £0.55 (2%) above the median price paid by comparable customers in Wales. You may be paying a loyalty penalty. Consider reviewing your contract.
CONS_05253,broadband,South West,53.87,31.24,22.63,72.4,Alert: Your broadband renewal price of £53.87 appears to be £22.63 (72%) above the median price paid by comparable customers in South West. You may be paying a loyalty penalty. Consider reviewing your contract.
CONS_05160,broadband,London,47.79,29.745,18.04,60.6,Alert: Your broadband renewal price of £47.79 appears to be £18.04 (61%) above the median price paid by comparable customers in London. You may be paying a loyalty penalty. Consider reviewing your contract.
CONS_06718,subscription,South East,6.72,13.01,0.0,0.0,Alert: Your subscription renewal price of £6.72 appears to be £0.00 (0%) above the median price paid by comparable customers in South East. You may be paying a loyalty penalty. Consider reviewing your contract.
CONS_03407,mobile,London,55.39,23.06,32.33,140.2,Alert: Your mobile renewal price of £55.39 appears to be £32.33 (140%) above the median price paid by comparable customers in London. You may be paying a loyalty penalty. Consider reviewing your contract.
CONS_05267,broadband,South East,42.48,30.009999999999998,12.47,41.6,Alert: Your broadband renewal price of £42.48 appears to be £12.47 (42%) above the median price paid by comparable customers in South East. You may be paying a loyalty penalty. Consider reviewing your contract.
CONS_03145,subscription,North West,12.71,13.07,0.0,0.0,Alert: Your subscription renewal price of £12.71 appears to be £0.00 (0%) above the median price paid by comparable customers in North West. You may be paying a loyalty penalty. Consider reviewing your contract.
CONS_08996,subscription,South West,13.11,12.83,0.28,2.2,Alert: Your subscription renewal price of £13.11 appears to be £0.28 (2%) above the median price paid by comparable customers in South West. You may be paying a loyalty penalty. Consider reviewing your contract.
CONS_04991,broadband,South West,45.12,31.24,13.88,44.4,Alert: Your broadband renewal price of £45.12 appears to be £13.88 (44%) above the median price paid by comparable customers in South West. You may be paying a loyalty penalty. Consider reviewing your contract.
CONS_01769,broadband,London,29.08,29.745,0.0,0.0,Alert: Your broadband renewal price of £29.08 appears to be £0.00 (0%) above the median price paid by comparable customers in London. You may be paying a loyalty penalty. Consider reviewing your contract.
CONS_08227,mobile,London,26.42,23.06,3.36,14.6,Alert: Your mobile renewal price of £26.42 appears to be £3.36 (15%) above the median price paid by comparable customers in London. You may be paying a loyalty penalty. Consider reviewing your contract.
CONS_01066,subscription,South East,6.85,13.01,0.0,0.0,Alert: Your subscription renewal price of £6.85 appears to be £0.00 (0%) above the median price paid by comparable customers in South East. You may be paying a loyalty penalty. Consider reviewing your contract.
CONS_08806,mobile,Scotland,41.51,23.99,17.52,73.0,Alert: Your mobile renewal price of £41.51 appears to be £17.52 (73%) above the median price paid by comparable customers in Scotland. You may be paying a loyalty penalty. Consider reviewing your contract.
CONS_05792,mobile,South West,22.47,23.81,0.0,0.0,Alert: Your mobile renewal price of £22.47 appears to be £0.00 (0%) above the median price paid by comparable customers in South West. You may be paying a loyalty penalty. Consider reviewing your contract.
CONS_05194,mobile,South East,18.53,23.5,0.0,0.0,Alert: Your mobile renewal price of £18.53 appears to be £0.00 (0%) above the median price paid by comparable customers in South East. You may be paying a loyalty penalty. Consider reviewing your contract.
CONS_00752,broadband,South East,46.13,30.009999999999998,16.12,53.7,Alert: Your broadband renewal price of £46.13 appears to be £16.12 (54%) above the median price paid by comparable customers in South East. You may be paying a loyalty penalty. Consider reviewing your contract.
CONS_05524,mobile,London,41.76,23.06,18.7,81.1,Alert: Your mobile renewal price of £41.76 appears to be £18.70 (81%) above the median price paid by comparable customers in London. You may be paying a loyalty penalty. Consider reviewing your contract.
CONS_09141,mobile,Midlands,37.53,23.375,14.16,60.6,Alert: Your mobile renewal price of £37.53 appears to be £14.16 (61%) above the median price paid by comparable customers in Midlands. You may be paying a loyalty penalty. Consider reviewing your contract.
CONS_01941,broadband,Scotland,26.54,30.33,0.0,0.0,Alert: Your broadband renewal price of £26.54 appears to be £0.00 (0%) above the median price paid by comparable customers in Scotland. You may be paying a loyalty penalty. Consider reviewing your contract.
CONS_09469,mobile,Midlands,23.8,23.375,0.43,1.8,Alert: Your mobile renewal price of £23.80 appears to be £0.43 (2%) above the median price paid by comparable customers in Midlands. You may be paying a loyalty penalty. Consider reviewing your contract.
CONS_08832,mobile,Midlands,17.48,23.375,0.0,0.0,Alert: Your mobile renewal price of £17.48 appears to be £0.00 (0%) above the median price paid by comparable customers in Midlands. You may be paying a loyalty penalty. Consider reviewing your contract.
CONS_02848,broadband,Midlands,54.63,29.88,24.75,82.8,Alert: Your broadband renewal price of £54.63 appears to be £24.75 (83%) above the median price paid by comparable customers in Midlands. You may be paying a loyalty penalty. Consider reviewing your contract.
CONS_01442,broadband,South East,35.94,30.009999999999998,5.93,19.8,Alert: Your broadband renewal price of £35.94 appears to be £5.93 (20%) above the median price paid by comparable customers in South East. You may be paying a loyalty penalty. Consider reviewing your contract.
CONS_02595,broadband,Wales,50.55,30.48,20.07,65.8,Alert: Your broadband renewal price of £50.55 appears to be £20.07 (66%) above the median price paid by comparable customers in Wales. You may be paying a loyalty penalty. Consider reviewing your contract.
CONS_01843,broadband,Wales,37.86,30.48,7.38,24.2,Alert: Your broadband renewal price of £37.86 appears to be £7.38 (24%) above the median price paid by comparable customers in Wales. You may be paying a loyalty penalty. Consider reviewing your contract.
CONS_04211,mobile,Midlands,37.87,23.375,14.49,62.0,Alert: Your mobile renewal price of £37.87 appears to be £14.49 (62%) above the median price paid by comparable customers in Midlands. You may be paying a loyalty penalty. Consider reviewing your contract.
CONS_01288,broadband,North East,18.42,30.58,0.0,0.0,Alert: Your broadband renewal price of £18.42 appears to be £0.00 (0%) above the median price paid by comparable customers in North East. You may be paying a loyalty penalty. Consider reviewing your contract.
CONS_05275,broadband,Wales,52.25,30.48,21.77,71.4,Alert: Your broadband renewal price of £52.25 appears to be £21.77 (71%) above the median price paid by comparable customers in Wales. You may be paying a loyalty penalty. Consider reviewing your contract.
CONS_08820,subscription,Midlands,15.4,13.11,2.29,17.5,Alert: Your subscription renewal price of £15.40 appears to be £2.29 (18%) above the median price paid by comparable customers in Midlands. You may be paying a loyalty penalty. Consider reviewing your contract.
CONS_02320,subscription,South West,11.69,12.83,0.0,0.0,Alert: Your subscription renewal price of £11.69 appears to be £0.00 (0%) above the median price paid by comparable customers in South West. You may be paying a loyalty penalty. Consider reviewing your contract.
CONS_09231,broadband,Midlands,56.7,29.88,26.82,89.8,Alert: Your broadband renewal price of £56.70 appears to be £26.82 (90%) above the median price paid by comparable customers in Midlands. You may be paying a loyalty penalty. Consider reviewing your contract.
CONS_05359,broadband,Wales,38.48,30.48,8.0,26.2,Alert: Your broadband renewal price of £38.48 appears to be £8.00 (26%) above the median price paid by comparable customers in Wales. You may be paying a loyalty penalty. Consider reviewing your contract.
CONS_01451,subscription,South West,12.08,12.83,0.0,0.0,Alert: Your subscription renewal price of £12.08 appears to be £0.00 (0%) above the median price paid by comparable customers in South West. You may be paying a loyalty penalty. Consider reviewing your contract.
CONS_00689,subscription,North West,12.63,13.07,0.0,0.0,Alert: Your subscription renewal price of £12.63 appears to be £0.00 (0%) above the median price paid by comparable customers in North West. You may be paying a loyalty penalty. Consider reviewing your contract.
CONS_05651,subscription,Wales,20.07,12.95,7.12,55.0,Alert: Your subscription renewal price of £20.07 appears to be £7.12 (55%) above the median price paid by comparable customers in Wales. You may be paying a loyalty penalty. Consider reviewing your contract.
CONS_01680,mobile,South East,43.89,23.5,20.39,86.8,Alert: Your mobile renewal price of £43.89 appears to be £20.39 (87%) above the median price paid by comparable customers in South East. You may be paying a loyalty penalty. Consider reviewing your contract.
CONS_02427,broadband,Wales,48.51,30.48,18.03,59.2,Alert: Your broadband renewal price of £48.51 appears to be £18.03 (59%) above the median price paid by comparable customers in Wales. You may be paying a loyalty penalty. Consider reviewing your contract.
CONS_05981,mobile,London,35.5,23.06,12.44,53.9,Alert: Your mobile renewal price of £35.50 appears to be £12.44 (54%) above the median price paid by comparable customers in London. You may be paying a loyalty penalty. Consider reviewing your contract.
CONS_04603,subscription,Scotland,11.25,13.815000000000001,0.0,0.0,Alert: Your subscription renewal price of £11.25 appears to be £0.00 (0%) above the median price paid by comparable customers in Scotland. You may be paying a loyalty penalty. Consider reviewing your contract.
CONS_08022,broadband,South West,28.37,31.24,0.0,0.0,Alert: Your broadband renewal price of £28.37 appears to be £0.00 (0%) above the median price paid by comparable customers in South West. You may be paying a loyalty penalty. Consider reviewing your contract.
CONS_01909,subscription,North West,9.58,13.07,0.0,0.0,Alert: Your subscription renewal price of £9.58 appears to be £0.00 (0%) above the median price paid by comparable customers in North West. You may be paying a loyalty penalty. Consider reviewing your contract.
CONS_09931,broadband,North East,42.07,30.58,11.49,37.6,Alert: Your broadband renewal price of £42.07 appears to be £11.49 (38%) above the median price paid by comparable customers in North East. You may be paying a loyalty penalty. Consider reviewing your contract.
CONS_02566,broadband,London,50.55,29.745,20.8,69.9,Alert: Your broadband renewal price of £50.55 appears to be £20.80 (70%) above the median price paid by comparable customers in London. You may be paying a loyalty penalty. Consider reviewing your contract.
CONS_06033,broadband,London,56.61,29.745,26.86,90.3,Alert: Your broadband renewal price of £56.61 appears to be £26.86 (90%) above the median price paid by comparable customers in London. You may be paying a loyalty penalty. Consider reviewing your contract.
CONS_00775,broadband,London,34.6,29.745,4.86,16.3,Alert: Your broadband renewal price of £34.60 appears to be £4.86 (16%) above the median price paid by comparable customers in London. You may be paying a loyalty penalty. Consider reviewing your contract.
CONS_04401,subscription,London,15.6,13.1,2.5,19.1,Alert: Your subscription renewal price of £15.60 appears to be £2.50 (19%) above the median price paid by comparable customers in London. You may be paying a loyalty penalty. Consider reviewing your contract.
CONS_07474,mobile,Wales,46.69,22.55,24.14,107.1,Alert: Your mobile renewal price of £46.69 appears to be £24.14 (107%) above the median price paid by comparable customers in Wales. You may be paying a loyalty penalty. Consider reviewing your contract.
CONS_01362,broadband,North West,49.0,30.310000000000002,18.69,61.7,Alert: Your broadband renewal price of £49.00 appears to be £18.69 (62%) above the median price paid by comparable customers in North West. You may be paying a loyalty penalty. Consider reviewing your contract.
CONS_09379,broadband,Wales,38.63,30.48,8.15,26.7,Alert: Your broadband renewal price of £38.63 appears to be £8.15 (27%) above the median price paid by comparable customers in Wales. You may be paying a loyalty penalty. Consider reviewing your contract.
CONS_01533,mobile,London,30.17,23.06,7.11,30.8,Alert: Your mobile renewal price of £30.17 appears to be £7.11 (31%) above the median price paid by comparable customers in London. You may be paying a loyalty penalty. Consider reviewing your contract.
CONS_00043,mobile,Wales,23.21,22.55,0.66,2.9,Alert: Your mobile renewal price of £23.21 appears to be £0.66 (3%) above the median price paid by comparable customers in Wales. You may be paying a loyalty penalty. Consider reviewing your contract.
CONS_05206,broadband,Wales,39.57,30.48,9.09,29.8,Alert: Your broadband renewal price of £39.57 appears to be £9.09 (30%) above the median price paid by comparable customers in Wales. You may be paying a loyalty penalty. Consider reviewing your contract.
CONS_03095,mobile,North West,53.24,24.064999999999998,29.18,121.3,Alert: Your mobile renewal price of £53.24 appears to be £29.18 (121%) above the median price paid by comparable customers in North West. You may be paying a loyalty penalty. Consider reviewing your contract.
CONS_00704,subscription,Wales,15.54,12.95,2.59,20.0,Alert: Your subscription renewal price of £15.54 appears to be £2.59 (20%) above the median price paid by comparable customers in Wales. You may be paying a loyalty penalty. Consider reviewing your contract.
CONS_06939,broadband,South West,43.48,31.24,12.24,39.2,Alert: Your broadband renewal price of £43.48 appears to be £12.24 (39%) above the median price paid by comparable customers in South West. You may be paying a loyalty penalty. Consider reviewing your contract.
CONS_05407,broadband,South East,29.94,30.009999999999998,0.0,0.0,Alert: Your broadband renewal price of £29.94 appears to be £0.00 (0%) above the median price paid by comparable customers in South East. You may be paying a loyalty penalty. Consider reviewing your contract.
CONS_08730,broadband,Wales,41.11,30.48,10.63,34.9,Alert: Your broadband renewal price of £41.11 appears to be £10.63 (35%) above the median price paid by comparable customers in Wales. You may be paying a loyalty penalty. Consider reviewing your contract.
CONS_01731,subscription,South West,10.32,12.83,0.0,0.0,Alert: Your subscription renewal price of £10.32 appears to be £0.00 (0%) above the median price paid by comparable customers in South West. You may be paying a loyalty penalty. Consider reviewing your contract.
CONS_06515,broadband,London,50.82,29.745,21.08,70.9,Alert: Your broadband renewal price of £50.82 appears to be £21.08 (71%) above the median price paid by comparable customers in London. You may be paying a loyalty penalty. Consider reviewing your contract.
CONS_02604,subscription,London,18.11,13.1,5.01,38.2,Alert: Your subscription renewal price of £18.11 appears to be £5.01 (38%) above the median price paid by comparable customers in London. You may be paying a loyalty penalty. Consider reviewing your contract.
CONS_05939,mobile,Midlands,21.45,23.375,0.0,0.0,Alert: Your mobile renewal price of £21.45 appears to be £0.00 (0%) above the median price paid by comparable customers in Midlands. You may be paying a loyalty penalty. Consider reviewing your contract.
CONS_07074,mobile,South East,43.68,23.5,20.18,85.9,Alert: Your mobile renewal price of £43.68 appears to be £20.18 (86%) above the median price paid by comparable customers in South East. You may be paying a loyalty penalty. Consider reviewing your contract.
CONS_03602,broadband,London,26.9,29.745,0.0,0.0,Alert: Your broadband renewal price of £26.90 appears to be £0.00 (0%) above the median price paid by comparable customers in London. You may be paying a loyalty penalty. Consider reviewing your contract.
CONS_04239,mobile,Wales,15.25,22.55,0.0,0.0,Alert: Your mobile renewal price of £15.25 appears to be £0.00 (0%) above the median price paid by comparable customers in Wales. You may be paying a loyalty penalty. Consider reviewing your contract.
CONS_07022,subscription,London,18.13,13.1,5.03,38.4,Alert: Your subscription renewal price of £18.13 appears to be £5.03 (38%) above the median price paid by comparable customers in London. You may be paying a loyalty penalty. Consider reviewing your contract.
CONS_03993,broadband,Scotland,41.3,30.33,10.97,36.2,Alert: Your broadband renewal price of £41.30 appears to be £10.97 (36%) above the median price paid by comparable customers in Scotland. You may be paying a loyalty penalty. Consider reviewing your contract.
CONS_07847,mobile,South West,35.91,23.81,12.1,50.8,Alert: Your mobile renewal price of £35.91 appears to be £12.10 (51%) above the median price paid by comparable customers in South West. You may be paying a loyalty penalty. Consider reviewing your contract.
CONS_01488,mobile,South West,39.53,23.81,15.72,66.0,Alert: Your mobile renewal price of £39.53 appears to be £15.72 (66%) above the median price paid by comparable customers in South West. You may be paying a loyalty penalty. Consider reviewing your contract.
CONS_03907,subscription,North West,17.44,13.07,4.37,33.4,Alert: Your subscription renewal price of £17.44 appears to be £4.37 (33%) above the median price paid by comparable customers in North West. You may be paying a loyalty penalty. Consider reviewing your contract.
CONS_01993,broadband,South West,49.18,31.24,17.94,57.4,Alert: Your broadband renewal price of £49.18 appears to be £17.94 (57%) above the median price paid by comparable customers in South West. You may be paying a loyalty penalty. Consider reviewing your contract.
CONS_08208,broadband,South West,38.6,31.24,7.36,23.6,Alert: Your broadband renewal price of £38.60 appears to be £7.36 (24%) above the median price paid by comparable customers in South West. You may be paying a loyalty penalty. Consider reviewing your contract.
CONS_09998,broadband,South West,37.38,31.24,6.14,19.7,Alert: Your broadband renewal price of £37.38 appears to be £6.14 (20%) above the median price paid by comparable customers in South West. You may be paying a loyalty penalty. Consider reviewing your contract.
CONS_01699,subscription,Midlands,22.83,13.11,9.72,74.1,Alert: Your subscription renewal price of £22.83 appears to be £9.72 (74%) above the median price paid by comparable customers in Midlands. You may be paying a loyalty penalty. Consider reviewing your contract.
CONS_05523,mobile,North West,39.48,24.064999999999998,15.42,64.1,Alert: Your mobile renewal price of £39.48 appears to be £15.42 (64%) above the median price paid by comparable customers in North West. You may be paying a loyalty penalty. Consider reviewing your contract.
CONS_02955,mobile,South West,34.57,23.81,10.76,45.2,Alert: Your mobile renewal price of £34.57 appears to be £10.76 (45%) above the median price paid by comparable customers in South West. You may be paying a loyalty penalty. Consider reviewing your contract.
CONS_03237,subscription,London,12.92,13.1,0.0,0.0,Alert: Your subscription renewal price of £12.92 appears to be £0.00 (0%) above the median price paid by comparable customers in London. You may be paying a loyalty penalty. Consider reviewing your contract.
CONS_01008,broadband,Wales,47.51,30.48,17.03,55.9,Alert: Your broadband renewal price of £47.51 appears to be £17.03 (56%) above the median price paid by comparable customers in Wales. You may be paying a loyalty penalty. Consider reviewing your contract.
CONS_08026,mobile,North East,40.9,23.424999999999997,17.48,74.6,Alert: Your mobile renewal price of £40.90 appears to be £17.48 (75%) above the median price paid by comparable customers in North East. You may be paying a loyalty penalty. Consider reviewing your contract.
CONS_08837,mobile,London,29.76,23.06,6.7,29.1,Alert: Your mobile renewal price of £29.76 appears to be £6.70 (29%) above the median price paid by comparable customers in London. You may be paying a loyalty penalty. Consider reviewing your contract.
CONS_07310,broadband,South West,44.83,31.24,13.59,43.5,Alert: Your broadband renewal price of £44.83 appears to be £13.59 (44%) above the median price paid by comparable customers in South West. You may be paying a loyalty penalty. Consider reviewing your contract.
CONS_04060,subscription,London,13.8,13.1,0.7,5.3,Alert: Your subscription renewal price of £13.80 appears to be £0.70 (5%) above the median price paid by comparable customers in London. You may be paying a loyalty penalty. Consider reviewing your contract.
CONS_06771,broadband,North East,35.93,30.58,5.35,17.5,Alert: Your broadband renewal price of £35.93 appears to be £5.35 (18%) above the median price paid by comparable customers in North East. You may be paying a loyalty penalty. Consider reviewing your contract.
CONS_08099,mobile,Midlands,26.48,23.375,3.11,13.3,Alert: Your mobile renewal price of £26.48 appears to be £3.11 (13%) above the median price paid by comparable customers in Midlands. You may be paying a loyalty penalty. Consider reviewing your contract.
CONS_02234,subscription,London,11.37,13.1,0.0,0.0,Alert: Your subscription renewal price of £11.37 appears to be £0.00 (0%) above the median price paid by comparable customers in London. You may be paying a loyalty penalty. Consider reviewing your contract.
CONS_02152,broadband,South West,43.98,31.24,12.74,40.8,Alert: Your broadband renewal price of £43.98 appears to be £12.74 (41%) above the median price paid by comparable customers in South West. You may be paying a loyalty penalty. Consider reviewing your contract.
